{"stats":{"minecraft:used":{"alexsmobs:animal_dictionary":1},"minecraft:custom":{"minecraft:jump":2,"minecraft:time_since_rest":4808,"minecraft:crouch_one_cm":268,"minecraft:walk_on_water_one_cm":1540,"minecraft:leave_game":2,"minecraft:play_time":4808,"minecraft:time_since_death":4808,"minecraft:walk_one_cm":17,"minecraft:sneak_time":91,"minecraft:total_world_time":4808,"minecraft:walk_under_water_one_cm":456,"minecraft:swim_one_cm":826,"minecraft:drop":1,"minecraft:fly_one_cm":59},"minecraft:dropped":{"alexsmobs:animal_dictionary":1}},"DataVersion":3465}